IP地址,端口,TLS,城市,TCP延迟(ms),速度(MB/s)
34.65.24.163,443,TRUE,Frankfurt,176,8.17
34.65.233.74,443,TRUE,Frankfurt,177,8.16
34.107.106.55,443,TRUE,Frankfurt,178,8.16
34.147.4.61,443,TRUE,Frankfurt,184,8.16
34.34.44.103,443,TRUE,Frankfurt,172,8.15
34.89.134.110,443,TRUE,Frankfurt,178,8.13
35.242.228.65,443,TRUE,Frankfurt,214,8.11
34.116.141.173,443,TRUE,Singapore,244,8.11
34.148.187.247,443,TRUE,Atlanta,279,8.08
34.65.227.171,443,TRUE,Frankfurt,176,8.07
34.65.114.26,443,TRUE,Frankfurt,185,8.07
34.159.129.7,443,TRUE,Frankfurt,176,8.05
34.147.117.190,443,TRUE,Frankfurt,179,8.04
34.89.233.207,443,TRUE,Frankfurt,225,8.04
34.90.29.94,443,TRUE,Frankfurt,177,8.03
34.107.61.14,443,TRUE,Frankfurt,177,8.02
34.89.222.203,443,TRUE,Frankfurt,168,8.01
34.107.61.14,443,TRUE,Frankfurt,174,8.01
34.89.241.21,443,TRUE,Frankfurt,170,8
35.234.107.239,443,TRUE,Frankfurt,168,8
34.147.4.61,443,TRUE,Frankfurt,188,8
34.65.221.128,443,TRUE,Frankfurt,180,7.99
35.234.84.142,443,TRUE,Frankfurt,169,7.97
34.91.36.200,443,TRUE,Singapore,225,7.97
34.65.69.203,443,TRUE,Singapore,176,7.97
34.116.139.71,443,TRUE,Frankfurt,187,7.96
34.65.206.57,443,TRUE,Frankfurt,179,7.96
35.204.129.97,443,TRUE,Frankfurt,175,7.95
34.147.118.212,443,TRUE,Frankfurt,172,7.94
34.90.47.122,443,TRUE,Frankfurt,176,7.94
34.159.55.124,443,TRUE,Frankfurt,170,7.92
34.89.215.58,443,TRUE,Frankfurt,155,7.92
34.89.220.83,443,TRUE,Frankfurt,167,7.9
34.107.106.55,443,TRUE,Frankfurt,188,7.89
34.91.188.243,443,TRUE,Frankfurt,174,7.89
35.234.108.185,443,TRUE,Frankfurt,181,7.88
34.90.252.225,443,TRUE,Frankfurt,175,7.88
34.118.126.168,443,TRUE,Frankfurt,192,7.88
34.116.141.173,443,TRUE,Amsterdam,195,7.87
34.65.51.65,443,TRUE,Frankfurt,177,7.86
34.91.71.92,443,TRUE,Frankfurt,181,7.85
34.91.230.226,443,TRUE,Munich,177,7.84
34.90.29.94,443,TRUE,Frankfurt,178,7.83
34.32.164.197,443,TRUE,Frankfurt,195,7.83
34.147.53.185,443,TRUE,Frankfurt,174,7.82
35.246.232.231,443,TRUE,Frankfurt,177,7.81
34.91.231.245,443,TRUE,Frankfurt,196,7.81
34.147.53.185,443,TRUE,Frankfurt,209,7.8
34.89.233.207,443,TRUE,Frankfurt,176,7.8
34.91.38.97,443,TRUE,Frankfurt,176,7.79
34.32.156.13,443,TRUE,Frankfurt,172,7.77
34.116.244.60,443,TRUE,Amsterdam,189,7.77
34.147.118.212,443,TRUE,Frankfurt,178,7.77
34.90.56.154,443,TRUE,Frankfurt,177,7.76
34.91.84.129,443,TRUE,Frankfurt,194,7.76
34.107.0.78,443,TRUE,Frankfurt,171,7.76
34.91.230.226,443,TRUE,Frankfurt,176,7.76
34.116.159.30,443,TRUE,Frankfurt,252,7.75
34.90.250.142,443,TRUE,Frankfurt,182,7.74
34.107.0.78,443,TRUE,Frankfurt,223,7.73
34.89.222.203,443,TRUE,Frankfurt,172,7.73
34.90.18.246,443,TRUE,Frankfurt,176,7.71
34.65.86.254,443,TRUE,Singapore,181,7.7
34.107.91.0,443,TRUE,Frankfurt,209,7.7
34.118.27.151,443,TRUE,Frankfurt,189,7.69
34.65.97.68,443,TRUE,Frankfurt,166,7.68
34.32.145.169,443,TRUE,Frankfurt,174,7.67
34.118.78.222,443,TRUE,Frankfurt,187,7.67
34.90.29.94,443,TRUE,Frankfurt,177,7.65
34.107.94.44,443,TRUE,Frankfurt,198,7.64
34.91.230.226,443,TRUE,Frankfurt,174,7.63
34.65.217.157,443,TRUE,Frankfurt,176,7.63
35.242.201.237,443,TRUE,Frankfurt,237,7.63
34.107.19.191,443,TRUE,Munich,185,7.63
34.32.215.49,443,TRUE,Frankfurt,175,7.63
34.118.82.162,443,TRUE,Frankfurt,186,7.62
34.34.57.123,443,TRUE,Frankfurt,180,7.6
34.107.57.128,443,TRUE,Frankfurt,170,7.6
34.90.188.200,443,TRUE,Frankfurt,182,7.59
34.32.232.90,443,TRUE,Frankfurt,161,7.59
34.91.134.236,443,TRUE,Frankfurt,178,7.59
34.32.237.103,443,TRUE,Frankfurt,175,7.58
34.89.220.83,443,TRUE,Frankfurt,169,7.58
34.154.255.210,443,TRUE,Frankfurt,199,7.57
34.107.7.252,443,TRUE,Frankfurt,169,7.56
34.89.180.46,443,TRUE,Frankfurt,169,7.55
34.65.63.65,443,TRUE,Frankfurt,179,7.55
34.65.78.72,443,TRUE,Frankfurt,201,7.54
34.32.164.35,443,TRUE,Frankfurt,177,7.54
34.91.231.245,443,TRUE,Frankfurt,176,7.53
35.198.161.26,443,TRUE,Frankfurt,168,7.53
34.65.50.248,443,TRUE,Frankfurt,176,7.52
34.147.117.190,443,TRUE,Frankfurt,178,7.51
34.141.194.63,443,TRUE,Frankfurt,176,7.51
34.107.32.69,443,TRUE,Frankfurt,167,7.51
34.34.64.190,443,TRUE,Frankfurt,176,7.51
34.90.255.182,443,TRUE,Frankfurt,196,7.5
34.65.217.157,443,TRUE,Frankfurt,173,7.49
34.107.19.191,443,TRUE,Amsterdam,170,7.49
34.91.71.92,443,TRUE,Frankfurt,177,7.48
34.65.114.26,443,TRUE,Frankfurt,175,7.48
34.159.206.50,443,TRUE,Frankfurt,169,7.45
34.159.249.13,443,TRUE,Frankfurt,170,7.45
34.89.222.203,443,TRUE,Frankfurt,166,7.45
34.34.51.194,443,TRUE,Frankfurt,184,7.43
34.65.50.224,443,TRUE,Frankfurt,176,7.43
34.118.78.222,443,TRUE,Frankfurt,186,7.41
34.34.35.197,443,TRUE,Frankfurt,179,7.41
34.90.252.225,443,TRUE,Frankfurt,177,7.4
34.34.44.103,443,TRUE,Frankfurt,174,7.38
34.65.235.187,443,TRUE,Frankfurt,180,7.38
34.118.105.92,443,TRUE,Frankfurt,183,7.36
34.107.91.0,443,TRUE,Frankfurt,207,7.36
34.90.250.142,443,TRUE,Frankfurt,183,7.35
34.65.233.74,443,TRUE,Munich,174,7.33
34.89.241.21,443,TRUE,Frankfurt,167,7.33
34.89.233.207,443,TRUE,Frankfurt,186,7.33
34.65.97.237,443,TRUE,Singapore,176,7.33
34.147.55.44,443,TRUE,Frankfurt,178,7.32
34.107.7.252,443,TRUE,Frankfurt,192,7.32
34.34.35.197,443,TRUE,Frankfurt,178,7.32
34.65.50.224,443,TRUE,Frankfurt,176,7.31
34.65.189.65,443,TRUE,Frankfurt,177,7.3
34.107.61.14,443,TRUE,Frankfurt,270,7.3
34.65.210.130,443,TRUE,Frankfurt,175,7.25
34.89.134.110,443,TRUE,Frankfurt,168,7.23
34.91.44.41,443,TRUE,Frankfurt,185,7.23
35.242.218.152,443,TRUE,Frankfurt,249,7.22
34.65.44.52,443,TRUE,Frankfurt,182,7.22
34.90.84.203,443,TRUE,Paris,178,7.21
34.116.152.212,443,TRUE,Frankfurt,190,7.21
34.90.84.203,443,TRUE,Frankfurt,178,7.21
34.107.57.128,443,TRUE,Frankfurt,201,7.2
34.90.252.225,443,TRUE,Frankfurt,192,7.19
34.32.174.17,443,TRUE,Frankfurt,175,7.19
34.89.134.110,443,TRUE,Frankfurt,185,7.18
34.34.3.81,443,TRUE,Frankfurt,163,7.18
34.91.84.129,443,TRUE,Singapore,186,7.16
34.154.10.75,443,TRUE,Frankfurt,180,7.16
34.90.255.182,443,TRUE,Frankfurt,175,7.16
34.147.16.159,443,TRUE,Frankfurt,212,7.16
34.89.233.207,443,TRUE,Frankfurt,188,7.14
34.147.42.251,443,TRUE,Frankfurt,173,7.13
34.65.62.76,443,TRUE,Frankfurt,189,7.13
34.147.42.251,443,TRUE,Frankfurt,179,7.13
34.116.249.167,443,TRUE,Frankfurt,187,7.12
34.116.203.240,443,TRUE,Frankfurt,261,7.11
34.65.154.40,443,TRUE,Frankfurt,177,7.11
34.65.24.163,443,TRUE,Frankfurt,177,7.1
34.65.246.204,443,TRUE,Frankfurt,178,7.09
34.89.215.58,443,TRUE,Frankfurt,154,7.08
34.90.155.147,443,TRUE,Frankfurt,177,7.07
35.234.95.210,443,TRUE,Frankfurt,166,7.07
34.91.231.245,443,TRUE,Frankfurt,176,7.07
34.34.3.81,443,TRUE,Frankfurt,164,7.06
34.118.42.177,443,TRUE,Frankfurt,211,7.05
34.90.84.203,443,TRUE,Frankfurt,180,7.05
34.65.38.18,443,TRUE,Frankfurt,178,7.05
34.91.164.135,443,TRUE,Singapore,176,7.04
34.65.50.248,443,TRUE,Frankfurt,165,7.03
34.118.56.2,443,TRUE,Frankfurt,188,7.03
34.65.169.36,443,TRUE,Amsterdam,168,7.03
34.159.160.217,443,TRUE,Singapore,179,7.02
34.91.44.41,443,TRUE,Frankfurt,162,7.02
34.34.57.123,443,TRUE,Frankfurt,184,7.02
34.116.240.195,443,TRUE,Amsterdam,187,7
34.141.179.194,443,TRUE,Amsterdam,161,7
34.154.230.25,443,TRUE,Frankfurt,183,6.98
34.159.105.87,443,TRUE,Frankfurt,178,6.96
34.159.114.222,443,TRUE,Frankfurt,170,6.96
34.90.18.246,443,TRUE,Frankfurt,179,6.95
34.65.153.152,443,TRUE,Frankfurt,167,6.95
34.65.198.73,443,TRUE,Frankfurt,165,6.94
34.147.16.159,443,TRUE,Frankfurt,213,6.94
34.154.213.128,443,TRUE,Frankfurt,191,6.93
34.116.235.43,443,TRUE,Frankfurt,197,6.92
34.107.91.0,443,TRUE,Frankfurt,168,6.92
34.65.18.221,443,TRUE,Singapore,175,6.89
34.116.214.43,443,TRUE,Frankfurt,186,6.88
34.34.51.194,443,TRUE,Frankfurt,175,6.87
34.91.188.243,443,TRUE,Frankfurt,178,6.87
34.159.28.199,443,TRUE,Frankfurt,168,6.87
34.116.188.237,443,TRUE,Frankfurt,184,6.86
34.65.96.247,443,TRUE,Singapore,180,6.86
34.90.188.200,443,TRUE,Frankfurt,185,6.85
34.65.78.72,443,TRUE,Frankfurt,178,6.85
34.154.252.71,443,TRUE,Frankfurt,180,6.84
34.65.202.78,443,TRUE,Frankfurt,206,6.82
34.65.229.235,443,TRUE,Frankfurt,175,6.81
34.91.38.218,443,TRUE,Frankfurt,176,6.8
34.116.217.71,443,TRUE,Frankfurt,184,6.8
34.116.180.73,443,TRUE,Frankfurt,187,6.79
34.65.89.138,443,TRUE,Frankfurt,189,6.78
34.34.64.190,443,TRUE,Frankfurt,176,6.75
34.118.32.6,443,TRUE,Frankfurt,173,6.74
34.116.176.165,443,TRUE,Frankfurt,189,6.72
34.65.50.248,443,TRUE,Frankfurt,166,6.72
34.89.215.58,443,TRUE,Frankfurt,155,6.7
34.159.112.17,443,TRUE,Frankfurt,172,6.7
34.65.96.247,443,TRUE,Frankfurt,177,6.69
34.116.234.141,443,TRUE,Frankfurt,257,6.68
34.116.152.212,443,TRUE,Frankfurt,259,6.67
34.147.91.221,443,TRUE,Frankfurt,173,6.63
34.65.62.76,443,TRUE,Frankfurt,184,6.63
34.147.91.221,443,TRUE,Frankfurt,176,6.62
34.116.198.247,443,TRUE,Frankfurt,238,6.59
34.116.228.159,443,TRUE,Frankfurt,253,6.56
34.118.97.186,443,TRUE,Frankfurt,207,6.53
34.116.134.240,443,TRUE,Frankfurt,225,6.53
34.65.44.52,443,TRUE,Frankfurt,178,6.49
34.159.247.120,443,TRUE,Frankfurt,181,6.46
34.118.21.230,443,TRUE,Frankfurt,187,6.45
34.118.49.212,443,TRUE,Frankfurt,191,6.44
34.65.69.203,443,TRUE,Frankfurt,178,6.39
34.65.198.178,443,TRUE,Frankfurt,178,6.39
34.65.26.169,443,TRUE,Frankfurt,177,6.38
34.66.72.229,443,TRUE,Chicago,206,6.36
34.116.217.71,443,TRUE,Frankfurt,229,6.34
34.65.43.234,443,TRUE,Frankfurt,204,6.33
34.116.225.214,443,TRUE,Frankfurt,185,6.32
34.90.188.200,443,TRUE,Frankfurt,162,6.3
34.116.228.159,443,TRUE,Frankfurt,189,6.28
34.118.63.214,443,TRUE,Frankfurt,174,6.28
34.65.147.135,443,TRUE,Frankfurt,187,6.27
34.116.235.211,443,TRUE,Frankfurt,186,6.27
34.65.7.63,443,TRUE,Frankfurt,186,6.26
34.65.182.101,443,TRUE,Frankfurt,174,6.26
34.116.215.27,443,TRUE,Frankfurt,228,6.26
34.65.69.117,443,TRUE,Frankfurt,181,6.24
34.159.73.193,443,TRUE,Frankfurt,170,6.22
35.237.127.69,80,FALSE,Atlanta,218,6.18
34.118.41.156,443,TRUE,Frankfurt,175,6.17
34.65.130.144,443,TRUE,Frankfurt,178,6.17
34.116.249.167,443,TRUE,Frankfurt,229,6.14
34.65.150.119,443,TRUE,Frankfurt,175,6.1
34.65.43.197,443,TRUE,Frankfurt,182,6.09
34.65.69.117,443,TRUE,Frankfurt,188,6.07
34.159.5.116,443,TRUE,Frankfurt,170,6.03
34.65.209.104,443,TRUE,Frankfurt,173,6.02
34.118.8.60,443,TRUE,Frankfurt,235,6.01
34.65.153.152,443,TRUE,Frankfurt,166,5.99
34.65.63.65,443,TRUE,Frankfurt,176,5.97
34.65.106.25,443,TRUE,Munich,202,5.96
34.118.50.212,443,TRUE,Frankfurt,192,5.96
34.65.51.65,443,TRUE,Frankfurt,166,5.95
34.116.159.30,443,TRUE,Frankfurt,186,5.95
34.116.216.206,443,TRUE,Frankfurt,215,5.94
34.118.63.214,443,TRUE,Frankfurt,213,5.92
34.65.84.112,443,TRUE,Frankfurt,177,5.89
34.65.122.235,443,TRUE,Frankfurt,183,5.87
34.116.239.211,443,TRUE,Frankfurt,245,5.85
34.65.69.117,443,TRUE,Frankfurt,189,5.84
34.65.35.178,443,TRUE,Frankfurt,178,5.83
34.116.141.115,443,TRUE,Frankfurt,204,5.79
34.116.158.196,443,TRUE,Frankfurt,240,5.78
34.65.20.102,443,TRUE,Frankfurt,173,5.77
34.65.106.25,443,TRUE,Frankfurt,173,5.76
34.116.181.8,443,TRUE,Frankfurt,183,5.76
34.118.97.186,443,TRUE,Frankfurt,185,5.74
34.118.76.197,443,TRUE,Frankfurt,201,5.72
34.116.239.18,443,TRUE,Frankfurt,187,5.71
34.116.217.223,443,TRUE,Frankfurt,188,5.7
34.65.63.65,443,TRUE,Frankfurt,180,5.69
34.118.57.46,443,TRUE,Frankfurt,187,5.67
34.118.74.131,443,TRUE,Frankfurt,173,5.67
34.116.174.240,443,TRUE,Frankfurt,197,5.66
34.65.29.231,443,TRUE,Frankfurt,177,5.66
34.116.239.211,443,TRUE,Frankfurt,195,5.66
34.118.3.141,443,TRUE,Frankfurt,174,5.64
34.65.16.59,443,TRUE,Frankfurt,177,5.63
34.154.244.63,443,TRUE,Frankfurt,185,5.63
34.116.225.214,443,TRUE,Frankfurt,231,5.61
34.65.198.178,443,TRUE,Frankfurt,172,5.61
34.116.198.247,443,TRUE,Frankfurt,186,5.61
34.116.137.114,443,TRUE,Frankfurt,256,5.6
34.118.41.156,443,TRUE,Frankfurt,186,5.58
34.118.30.198,443,TRUE,Frankfurt,189,5.57
34.118.89.180,443,TRUE,Frankfurt,185,5.57
34.65.189.65,443,TRUE,Frankfurt,174,5.56
34.65.64.244,443,TRUE,Frankfurt,178,5.56
34.159.156.214,443,TRUE,Frankfurt,188,5.56
34.116.156.226,443,TRUE,Frankfurt,200,5.52
34.65.238.241,443,TRUE,Frankfurt,178,5.51
34.65.147.135,443,TRUE,Frankfurt,173,5.51
34.118.100.30,443,TRUE,Frankfurt,192,5.49
34.65.86.254,443,TRUE,Frankfurt,177,5.48
34.65.20.102,443,TRUE,Frankfurt,177,5.45
34.118.74.5,443,TRUE,Frankfurt,189,5.45
34.65.235.63,443,TRUE,Frankfurt,189,5.45
34.65.163.152,443,TRUE,Frankfurt,175,5.44
34.65.29.231,443,TRUE,Frankfurt,173,5.42
34.118.3.141,443,TRUE,Frankfurt,258,5.42
34.116.141.3,443,TRUE,Frankfurt,187,5.4
34.118.75.245,443,TRUE,Frankfurt,185,5.4
34.65.119.116,443,TRUE,Singapore,183,5.39
34.65.252.234,443,TRUE,Frankfurt,176,5.38
34.65.84.112,443,TRUE,Frankfurt,175,5.37
34.65.182.101,443,TRUE,Frankfurt,176,5.37
34.65.210.130,443,TRUE,Frankfurt,177,5.35
34.118.91.168,443,TRUE,Frankfurt,189,5.31
34.118.74.5,443,TRUE,Frankfurt,192,5.29
34.116.234.141,443,TRUE,Frankfurt,186,5.28
34.118.56.2,443,TRUE,Frankfurt,188,5.28
34.65.151.47,443,TRUE,Frankfurt,177,5.27
34.154.255.184,443,TRUE,Frankfurt,180,5.26
34.65.97.68,443,TRUE,Frankfurt,170,5.25
34.65.246.204,443,TRUE,Frankfurt,175,5.24
34.159.193.79,443,TRUE,Frankfurt,168,5.22
34.118.23.146,443,TRUE,Frankfurt,173,5.2
34.65.241.245,443,TRUE,Frankfurt,166,5.18
34.65.123.250,443,TRUE,Frankfurt,165,5.17
34.116.217.223,443,TRUE,Frankfurt,261,5.16
34.65.122.235,443,TRUE,Frankfurt,182,5.16
34.65.64.244,443,TRUE,Frankfurt,198,5.16
34.65.119.116,443,TRUE,Frankfurt,178,5.15
34.118.89.180,443,TRUE,Frankfurt,182,5.11
34.118.113.252,443,TRUE,Frankfurt,202,5.11
34.118.33.174,443,TRUE,Frankfurt,184,5.11
34.118.24.250,443,TRUE,Frankfurt,187,5.09
34.65.213.174,443,TRUE,Frankfurt,176,5.08
34.65.94.94,443,TRUE,Frankfurt,180,5.07
34.116.228.34,443,TRUE,Frankfurt,251,5.07
34.118.7.118,443,TRUE,Frankfurt,185,5.04
34.65.239.218,443,TRUE,Frankfurt,175,5.03
34.65.7.101,443,TRUE,Frankfurt,187,5.02
34.65.205.105,443,TRUE,Frankfurt,179,5.02
34.116.181.8,443,TRUE,Frankfurt,250,5.02
34.65.235.187,443,TRUE,Frankfurt,178,5.02
34.116.134.240,443,TRUE,Frankfurt,212,5.02
34.116.156.171,443,TRUE,Frankfurt,189,4.99
34.65.89.138,443,TRUE,Frankfurt,176,4.99
34.116.139.71,443,TRUE,Frankfurt,233,4.99
34.118.21.89,443,TRUE,Frankfurt,185,4.98
34.65.24.163,443,TRUE,Frankfurt,174,4.97
34.118.105.92,443,TRUE,Frankfurt,189,4.93
34.116.158.196,443,TRUE,Amsterdam,188,4.9
34.65.97.237,443,TRUE,Singapore,176,4.9
34.118.21.89,443,TRUE,Frankfurt,244,4.9
34.65.50.224,443,TRUE,Frankfurt,177,4.9
34.65.18.221,443,TRUE,Frankfurt,174,4.89
34.118.40.155,443,TRUE,Frankfurt,185,4.88
34.116.147.75,443,TRUE,Frankfurt,236,4.87
34.65.4.95,443,TRUE,Frankfurt,177,4.87
34.65.16.59,443,TRUE,Frankfurt,167,4.86
34.118.81.178,443,TRUE,Frankfurt,186,4.85
34.118.126.168,443,TRUE,Frankfurt,188,4.85
34.118.118.199,443,TRUE,Frankfurt,186,4.84
34.116.240.195,443,TRUE,Frankfurt,230,4.8
34.116.157.238,443,TRUE,Frankfurt,183,4.8
34.116.239.18,443,TRUE,Frankfurt,234,4.79
34.65.214.30,443,TRUE,Frankfurt,177,4.79
34.65.106.214,443,TRUE,Frankfurt,176,4.77
34.116.198.118,443,TRUE,Frankfurt,188,4.77
34.65.154.40,443,TRUE,Frankfurt,199,4.77
34.65.7.101,443,TRUE,Frankfurt,164,4.76
34.65.205.105,443,TRUE,Frankfurt,192,4.76
34.118.11.220,443,TRUE,Frankfurt,246,4.73
34.116.157.238,443,TRUE,Frankfurt,236,4.69
34.65.217.157,443,TRUE,Frankfurt,176,4.68
34.118.121.61,443,TRUE,Frankfurt,188,4.67
34.65.227.171,443,TRUE,Frankfurt,180,4.67
34.65.238.241,443,TRUE,Frankfurt,175,4.66
34.116.251.225,443,TRUE,Frankfurt,233,4.65
34.65.89.138,443,TRUE,Frankfurt,170,4.64
34.65.147.135,443,TRUE,Frankfurt,166,4.64
34.118.114.236,443,TRUE,Frankfurt,189,4.61
34.116.147.75,443,TRUE,Amsterdam,198,4.58
34.118.74.131,443,TRUE,Frankfurt,182,4.57
34.65.227.171,443,TRUE,Frankfurt,179,4.56
34.118.76.197,443,TRUE,Frankfurt,205,4.56
34.65.181.48,443,TRUE,Frankfurt,165,4.54
34.65.7.63,443,TRUE,Frankfurt,189,4.53
34.65.169.189,443,TRUE,Frankfurt,178,4.52
34.65.4.95,443,TRUE,Frankfurt,187,4.47
34.116.141.3,443,TRUE,Frankfurt,241,4.46
34.118.82.175,443,TRUE,Frankfurt,208,4.43
34.65.169.189,443,TRUE,Frankfurt,180,4.43
34.118.121.235,443,TRUE,Frankfurt,198,4.42
34.159.33.181,443,TRUE,Frankfurt,156,4.41
34.65.97.237,443,TRUE,Singapore,181,4.4
34.65.106.214,443,TRUE,Frankfurt,176,4.39
34.116.198.118,443,TRUE,Frankfurt,245,4.38
34.116.214.251,443,TRUE,Frankfurt,189,4.35
34.65.38.18,443,TRUE,Frankfurt,179,4.34
34.118.46.250,443,TRUE,Frankfurt,210,4.31
34.118.82.162,443,TRUE,Singapore,194,4.29
34.116.244.60,443,TRUE,Amsterdam,257,4.22
34.65.151.47,443,TRUE,Frankfurt,173,4.19
34.116.206.127,443,TRUE,Frankfurt,239,4.11
34.65.84.132,443,TRUE,Amsterdam,177,4.1
34.118.114.236,443,TRUE,Frankfurt,207,4.1
34.65.7.101,443,TRUE,Frankfurt,179,4.03
34.116.219.69,443,TRUE,Amsterdam,184,4.01
34.118.32.6,443,TRUE,Amsterdam,187,4.01
34.65.181.48,443,TRUE,Frankfurt,167,3.99
34.65.94.94,443,TRUE,Frankfurt,187,3.99
34.65.182.101,443,TRUE,Frankfurt,180,3.96
34.65.43.234,443,TRUE,Frankfurt,165,3.96
34.116.245.40,443,TRUE,Frankfurt,185,3.96
34.65.205.105,443,TRUE,Frankfurt,180,3.93
34.65.214.30,443,TRUE,Frankfurt,166,3.9
34.65.221.128,443,TRUE,Frankfurt,174,3.89
34.118.42.177,443,TRUE,Frankfurt,189,3.87
34.118.50.212,443,TRUE,Frankfurt,173,3.86
34.65.7.63,443,TRUE,Frankfurt,187,3.84
34.65.167.176,443,TRUE,Frankfurt,166,3.84
34.65.114.26,443,TRUE,Frankfurt,178,3.83
34.65.151.47,443,TRUE,Frankfurt,176,3.83
34.65.94.94,443,TRUE,Frankfurt,166,3.81
34.65.206.244,443,TRUE,Frankfurt,168,3.81
34.65.197.0,443,TRUE,Frankfurt,179,3.78
34.118.24.250,443,TRUE,Frankfurt,200,3.72
34.116.222.145,443,TRUE,Frankfurt,285,3.72
34.65.35.178,443,TRUE,Frankfurt,178,3.68
34.65.150.119,443,TRUE,Frankfurt,175,3.67
34.65.198.178,443,TRUE,Frankfurt,191,3.66
34.118.7.118,443,TRUE,Frankfurt,241,3.62
34.65.96.247,443,TRUE,Frankfurt,199,3.61
34.65.206.57,443,TRUE,Frankfurt,174,3.61
34.65.26.43,443,TRUE,Frankfurt,193,3.59
34.118.99.192,443,TRUE,Frankfurt,212,3.56
34.65.35.178,443,TRUE,Frankfurt,176,3.55
34.116.145.162,443,TRUE,Frankfurt,184,3.55
34.65.229.235,443,TRUE,Frankfurt,184,3.55
34.65.64.244,443,TRUE,Frankfurt,179,3.53
34.65.4.95,443,TRUE,Frankfurt,178,3.51
34.65.43.234,443,TRUE,Frankfurt,183,3.49
34.65.26.169,443,TRUE,Frankfurt,209,3.47
34.116.174.240,443,TRUE,Frankfurt,202,3.46
34.65.106.25,443,TRUE,Frankfurt,177,3.46
34.65.78.72,443,TRUE,Frankfurt,182,3.45
34.118.101.53,443,TRUE,Frankfurt,220,3.41
34.65.20.102,443,TRUE,Frankfurt,198,3.35
34.65.198.73,443,TRUE,Frankfurt,172,3.33
34.65.106.214,443,TRUE,Frankfurt,180,3.32
34.118.30.198,443,TRUE,Frankfurt,187,3.32
34.65.86.254,443,TRUE,Frankfurt,175,3.31
34.65.69.203,443,TRUE,Frankfurt,188,3.27
34.118.49.153,443,TRUE,Frankfurt,196,3.25
34.65.44.52,443,TRUE,Frankfurt,174,3.2
34.118.40.155,443,TRUE,Frankfurt,186,3.18
34.65.189.65,443,TRUE,Frankfurt,227,3.18
34.116.137.114,443,TRUE,Frankfurt,202,3.16
34.65.18.221,443,TRUE,Amsterdam,177,3.14
34.116.251.225,443,TRUE,Frankfurt,187,3.09
34.118.63.12,443,TRUE,Frankfurt,201,3.01
34.65.97.68,443,TRUE,Frankfurt,188,3
34.145.66.39,8080,FALSE,Chennai,425,2.99
34.147.101.117,2096,FALSE,Amsterdam,162,2.97
34.118.8.60,443,TRUE,Frankfurt,190,2.95
34.65.29.231,443,TRUE,Frankfurt,178,2.94
34.118.46.250,443,TRUE,Frankfurt,202,2.92
34.116.228.34,443,TRUE,Frankfurt,185,2.89
34.118.113.252,443,TRUE,Frankfurt,185,2.88
34.65.123.250,443,TRUE,Frankfurt,189,2.86
34.65.233.74,443,TRUE,Frankfurt,179,2.83
34.65.206.57,443,TRUE,Singapore,203,2.82
34.118.118.199,443,TRUE,Frankfurt,186,2.8
34.116.175.112,443,TRUE,Frankfurt,225,2.8
34.145.66.39,8080,FALSE,Chennai,410,2.79
34.118.57.46,443,TRUE,Frankfurt,187,2.79
34.65.119.116,443,TRUE,Frankfurt,180,2.76
34.118.11.220,443,TRUE,Frankfurt,185,2.74
34.175.168.99,2052,FALSE,Madrid,181,2.71
34.147.101.117,2083,FALSE,Amsterdam,162,2.71
34.65.84.132,443,TRUE,Paris,184,2.69
34.65.51.65,443,TRUE,Frankfurt,187,2.69
34.116.175.112,443,TRUE,Frankfurt,188,2.69
34.175.133.251,2095,FALSE,Madrid,178,2.68
34.147.101.117,2082,FALSE,Amsterdam,162,2.68
34.116.215.179,443,TRUE,Frankfurt,189,2.67
34.147.101.117,2086,FALSE,Amsterdam,160,2.67
34.118.100.30,443,TRUE,Frankfurt,186,2.66
34.175.133.251,2082,FALSE,Madrid,179,2.66
34.175.95.58,2053,FALSE,Madrid,180,2.66
34.118.121.61,443,TRUE,Frankfurt,195,2.66
34.116.184.196,443,TRUE,Frankfurt,192,2.65
34.175.95.58,2086,FALSE,Madrid,179,2.65
34.118.91.146,443,TRUE,Frankfurt,186,2.63
34.175.95.58,2083,FALSE,Madrid,181,2.62
34.65.43.197,443,TRUE,Frankfurt,190,2.62
34.140.239.154,2086,FALSE,Paris,164,2.61
34.65.84.112,443,TRUE,Frankfurt,178,2.61
34.175.133.251,2087,FALSE,Madrid,178,2.6
34.118.91.168,443,TRUE,Frankfurt,188,2.59
34.118.121.235,443,TRUE,Frankfurt,188,2.58
34.118.49.212,443,TRUE,Frankfurt,183,2.54
34.147.101.117,2087,FALSE,Amsterdam,164,2.52
34.147.101.117,2095,FALSE,Amsterdam,163,2.5
34.65.198.73,443,TRUE,Munich,189,2.5
34.147.82.194,2053,FALSE,Amsterdam,161,2.49
34.118.121.24,443,TRUE,Frankfurt,176,2.48
34.175.99.73,2082,FALSE,Madrid,177,2.48
34.175.133.251,2052,FALSE,Madrid,179,2.47
34.175.161.245,2086,FALSE,Madrid,179,2.47
34.147.101.117,2053,FALSE,Amsterdam,160,2.46
34.175.95.58,2052,FALSE,Madrid,177,2.45
34.175.133.251,2053,FALSE,Madrid,178,2.44
34.175.244.157,2095,FALSE,Madrid,179,2.43
34.175.244.157,2096,FALSE,Madrid,182,2.43
34.175.95.58,2096,FALSE,Madrid,179,2.43
34.118.99.192,443,TRUE,Frankfurt,186,2.43
34.175.244.157,2053,FALSE,Madrid,182,2.43
34.175.133.251,2096,FALSE,Madrid,179,2.42
34.175.95.58,2095,FALSE,Madrid,182,2.42
34.175.161.245,2082,FALSE,Madrid,178,2.39
34.175.133.251,2086,FALSE,Madrid,180,2.38
34.116.174.214,443,TRUE,Frankfurt,266,2.38
34.116.203.240,443,TRUE,Frankfurt,187,2.33
34.65.62.76,443,TRUE,Frankfurt,176,2.32
34.118.27.151,443,TRUE,Frankfurt,205,2.31
34.175.95.58,2082,FALSE,Madrid,185,2.31
34.175.168.99,2096,FALSE,Madrid,180,2.3
34.175.161.245,2095,FALSE,Madrid,177,2.29
34.65.84.132,443,TRUE,Paris,178,2.29
34.175.99.73,2095,FALSE,Madrid,181,2.29
34.175.161.245,2083,FALSE,Madrid,179,2.29
34.175.99.73,2086,FALSE,Madrid,179,2.29
34.175.161.245,2087,FALSE,Madrid,177,2.28
34.116.222.237,443,TRUE,Frankfurt,186,2.28
34.175.143.15,2095,FALSE,Madrid,181,2.28
34.65.213.174,443,TRUE,Frankfurt,176,2.28
34.175.168.99,2087,FALSE,Madrid,181,2.28
34.118.63.12,443,TRUE,Frankfurt,185,2.27
34.175.168.99,2082,FALSE,Madrid,183,2.27
34.175.161.245,2096,FALSE,Madrid,178,2.26
34.175.7.231,2053,FALSE,Madrid,178,2.26
34.175.168.99,2083,FALSE,Madrid,178,2.25
34.175.161.245,2053,FALSE,Madrid,180,2.25
34.175.7.231,2052,FALSE,Madrid,181,2.25
34.175.99.73,2096,FALSE,Madrid,177,2.24
34.175.7.231,2082,FALSE,Madrid,179,2.24
34.175.244.157,2083,FALSE,Madrid,193,2.23
34.175.244.157,2082,FALSE,Madrid,178,2.23
34.175.244.157,2087,FALSE,Madrid,179,2.23
34.175.133.251,2083,FALSE,Madrid,177,2.23
34.175.99.73,2052,FALSE,Madrid,180,2.23
34.175.161.245,2052,FALSE,Madrid,180,2.22
34.118.56.112,443,TRUE,Frankfurt,206,2.21
34.175.7.231,2087,FALSE,Madrid,180,2.21
34.175.244.157,2086,FALSE,Madrid,180,2.21
34.175.95.58,2087,FALSE,Madrid,180,2.2
34.175.244.157,2052,FALSE,Madrid,180,2.19
34.118.81.178,443,TRUE,Frankfurt,198,2.19
34.116.206.127,443,TRUE,Frankfurt,185,2.13
34.118.82.175,443,TRUE,Frankfurt,189,1.93
34.65.202.78,443,TRUE,Frankfurt,175,1.91
35.194.241.8,8080,FALSE,Taipei,41,1.5
34.116.216.206,443,TRUE,Frankfurt,185,1.39
34.120.198.225,80,FALSE,Singapore,13,0.36
137.83.243.253,8080,FALSE,Frankfurt,156,0.18
34.120.198.225,80,FALSE,Singapore,21,0.13
35.227.174.52,443,FALSE,Seattle,191,0.11
35.227.174.52,80,FALSE,Seattle,156,0.11
34.128.66.175,80,FALSE,Singapore,17,0.07
34.134.91.160,80,FALSE,Chicago,206,0.06
34.149.68.111,80,FALSE,Singapore,14,0.05
34.146.45.46,80,FALSE,Hong Kong,74,0.05
34.146.45.46,80,FALSE,Singapore,74,0.04
34.27.194.227,8443,TRUE,Chicago,211,0.04
34.27.194.227,2053,TRUE,Chicago,206,0.04
35.244.119.6,443,TRUE,Sydney,199,0.04
34.159.248.174,443,TRUE,Frankfurt,179,0.04
34.27.194.227,2053,TRUE,Chicago,239,0.04
34.144.230.100,80,FALSE,San Jose,14,0.04
34.92.111.70,80,FALSE,Hong Kong,37,0.04
34.93.137.35,80,FALSE,Mumbai,64,0.04
34.27.194.227,8443,TRUE,Chicago,207,0.04
34.69.253.52,80,FALSE,Chicago,207,0.04
34.67.161.168,80,FALSE,Chicago,206,0.03
34.65.3.147,443,TRUE,Frankfurt,175,0.03
34.67.161.168,80,FALSE,Chicago,205,0.03
34.116.159.225,443,TRUE,Frankfurt,188,0.03
34.118.71.97,443,TRUE,Frankfurt,188,0.03
34.69.253.52,80,FALSE,Chicago,207,0.03
34.90.29.225,443,TRUE,Frankfurt,211,0.03
34.90.29.225,443,TRUE,Frankfurt,161,0.03
34.65.3.147,443,TRUE,Frankfurt,175,0.03
34.90.29.225,443,TRUE,Frankfurt,163,0.03
34.118.71.97,443,TRUE,Frankfurt,191,0.03
34.65.3.147,443,TRUE,Frankfurt,192,0.03
34.90.29.225,443,TRUE,Frankfurt,173,0.03
34.110.176.152,80,FALSE,Hong Kong,27,0.03
34.150.3.141,80,FALSE,Hong Kong,46,0.03
35.227.246.247,80,FALSE,Singapore,2,0.03
34.121.17.180,80,FALSE,Chicago,209,0.02
34.144.230.100,80,FALSE,San Jose,12,0.02
34.121.17.180,80,FALSE,Chicago,218,0.02
34.135.54.87,80,FALSE,Chicago,214,0.02
34.101.196.118,80,FALSE,Singapore,19,0.02
34.107.208.220,80,FALSE,Singapore,6,0.02
34.101.196.118,80,FALSE,Hong Kong,22,0.02
34.111.68.8,80,FALSE,Singapore,24,0.01
34.107.208.220,80,FALSE,Singapore,21,0.01
34.111.68.8,80,FALSE,Singapore,116,0.01
35.230.234.174,80,FALSE,Singapore,1,0.01
34.95.223.251,80,FALSE,S?o Paulo,317,0.01
35.230.237.32,80,FALSE,Singapore,3,0.01
34.95.223.251,80,FALSE,S?o Paulo,315,0.01
34.95.223.251,80,FALSE,S?o Paulo,313,0.01
34.92.228.196,80,FALSE,Hong Kong,38,0.01
34.92.228.196,80,FALSE,Hong Kong,36,0.01
34.92.228.196,80,FALSE,Hong Kong,38,0.01
34.92.228.196,443,TRUE,Hong Kong,37,0.01
34.92.228.196,443,TRUE,Hong Kong,39,0.01
34.92.228.196,443,TRUE,Hong Kong,87,0.01
34.87.17.86,80,FALSE,Singapore,2,0.01
34.96.67.175,80,FALSE,Kuala Lumpur,10,0
34.80.222.234,80,FALSE,Hong Kong,43,0
34.80.222.234,80,FALSE,Hong Kong,42,0
34.87.17.86,80,FALSE,Singapore,2,0
34.96.225.108,8080,FALSE,Hong Kong,37,0
34.96.225.108,8080,FALSE,Hong Kong,75,0
34.121.160.133,80,FALSE,Chicago,226,0
34.121.160.133,80,FALSE,Chicago,206,0
34.36.155.53,80,FALSE,Singapore,31,0
34.96.93.19,80,FALSE,Singapore,24,0
34.92.111.70,80,FALSE,Hong Kong,37,0
34.96.93.19,80,FALSE,Singapore,2,0
34.120.124.61,80,FALSE,Singapore,13,0
34.126.143.153,80,FALSE,Singapore,11,0
34.126.143.153,80,FALSE,Singapore,13,0
34.126.143.153,80,FALSE,Singapore,3,0
35.230.48.122,8080,FALSE,Seattle,157,0
34.132.254.201,80,FALSE,Chicago,205,0
34.123.217.194,80,FALSE,Chicago,205,0
34.123.217.194,80,FALSE,Chicago,205,0
34.68.51.16,80,FALSE,Chicago,206,0
34.135.13.56,80,FALSE,Chicago,207,0
35.202.7.148,80,FALSE,Chicago,216,0
34.36.241.241,80,FALSE,Singapore,7,0
34.96.67.175,80,FALSE,Kuala Lumpur,1,0
34.120.203.240,80,FALSE,Singapore,17,0
35.244.140.128,80,FALSE,London,3,0
34.120.203.240,80,FALSE,Singapore,10,0
34.107.201.158,80,FALSE,Ashburn,24,0
34.120.35.204,80,FALSE,Ashburn,11,0
34.120.35.204,80,FALSE,Ashburn,27,0
34.77.233.91,80,FALSE,Paris,166,0
34.77.233.91,80,FALSE,Paris,163,0
34.126.112.176,8080,FALSE,Singapore,2,0
35.202.7.148,80,FALSE,Chicago,207,0
34.126.112.176,8080,FALSE,Singapore,13,0
34.107.201.158,80,FALSE,Ashburn,7,0
34.36.101.99,80,FALSE,Singapore,25,0
34.105.123.165,80,FALSE,Seattle,164,0
34.159.120.110,80,FALSE,Frankfurt,229,0
34.126.112.176,8080,FALSE,Singapore,1,0
34.77.233.91,80,FALSE,Paris,162,0
34.77.233.91,80,FALSE,Paris,160,0
34.27.137.124,80,FALSE,Chicago,204,0
34.170.71.34,80,FALSE,Chicago,205,0
34.27.137.124,80,FALSE,Chicago,206,0
34.102.244.136,80,FALSE,Singapore,6,0
34.105.123.165,80,FALSE,Seattle,157,0
34.136.161.38,80,FALSE,Chicago,206,0
130.211.8.184,80,FALSE,Singapore,1,0
34.110.205.106,80,FALSE,Singapore,1,0
35.230.236.158,80,FALSE,Singapore,1,0
34.110.176.152,80,FALSE,Singapore,2,0
35.186.153.145,80,FALSE,Singapore,2,0
34.107.191.120,80,FALSE,Singapore,7,0
35.244.184.119,80,FALSE,Singapore,9,0
34.120.222.161,80,FALSE,Singapore,11,0
34.149.110.146,80,FALSE,Singapore,12,0
34.107.191.120,80,FALSE,Singapore,13,0
34.128.66.175,80,FALSE,Singapore,14,0
34.128.84.187,80,FALSE,Singapore,14,0
34.101.44.165,80,FALSE,Singapore,17,0
34.101.99.100,80,FALSE,Singapore,18,0
34.111.151.28,80,FALSE,Singapore,24,0
35.227.211.1,80,FALSE,Milan,26,0
34.117.85.196,80,FALSE,Singapore,28,0
35.220.132.211,8080,FALSE,Hong Kong,36,0
34.150.3.141,80,FALSE,Hong Kong,36,0
34.96.225.108,8080,FALSE,Hong Kong,36,0
34.80.222.234,80,FALSE,Hong Kong,41,0
35.229.172.56,80,FALSE,Taipei,42,0
34.81.35.248,443,TRUE,Taipei,42,0
34.100.190.34,80,FALSE,Mumbai,62,0
34.22.100.72,443,TRUE,Seoul,71,0
34.84.154.47,80,FALSE,Tokyo,73,0
34.84.154.47,80,FALSE,Tokyo,74,0
34.97.254.165,443,TRUE,Hong Kong,81,0
35.233.172.5,80,FALSE,Seattle,155,0
35.185.203.193,80,FALSE,Seattle,157,0
34.105.49.234,80,FALSE,Seattle,157,0
35.233.250.18,80,FALSE,Seattle,158,0
34.82.188.91,443,TRUE,Seattle,160,0
34.140.239.154,2096,FALSE,Paris,161,0
34.141.33.67,443,TRUE,Frankfurt,161,0
34.141.221.33,2053,FALSE,Amsterdam,162,0
34.141.221.33,2095,FALSE,Amsterdam,162,0
34.141.248.249,2096,FALSE,Amsterdam,163,0
34.141.248.249,2083,FALSE,Amsterdam,163,0
34.140.239.154,2083,FALSE,Paris,164,0
34.141.248.249,2086,FALSE,Amsterdam,164,0
34.65.241.245,443,TRUE,Frankfurt,165,0
34.140.239.154,2052,FALSE,Paris,165,0
34.141.248.249,2087,FALSE,Amsterdam,165,0
34.141.221.33,2087,FALSE,Amsterdam,165,0
104.155.53.64,80,FALSE,Paris,166,0
34.65.62.76,443,TRUE,Frankfurt,167,0
35.236.55.171,443,TRUE,Los Angeles,167,0
35.185.203.193,443,FALSE,Seattle,171,0
34.65.217.76,443,TRUE,Frankfurt,174,0
34.65.38.18,443,TRUE,Frankfurt,174,0
34.65.78.72,443,TRUE,Frankfurt,175,0
34.90.252.225,443,TRUE,Frankfurt,175,0
34.65.150.119,443,TRUE,Frankfurt,175,0
34.65.217.157,443,TRUE,Frankfurt,176,0
34.91.192.83,443,TRUE,Frankfurt,176,0
34.65.106.25,443,TRUE,Frankfurt,177,0
34.91.134.236,443,TRUE,Frankfurt,177,0
34.65.213.174,443,TRUE,Singapore,177,0
34.65.4.95,443,TRUE,Frankfurt,178,0
34.65.35.178,443,TRUE,Frankfurt,178,0
34.65.235.187,443,TRUE,Frankfurt,178,0
34.65.182.101,443,TRUE,Frankfurt,180,0
34.154.83.3,443,TRUE,Frankfurt,180,0
34.141.54.241,443,TRUE,Frankfurt,181,0
34.154.221.184,443,TRUE,Frankfurt,181,0
34.154.49.251,443,TRUE,Frankfurt,182,0
34.154.187.40,443,TRUE,Frankfurt,182,0
34.154.70.45,443,TRUE,Frankfurt,182,0
34.154.94.146,443,TRUE,Frankfurt,182,0
34.154.178.111,443,TRUE,Frankfurt,183,0
34.154.215.170,443,TRUE,Singapore,183,0
34.154.152.162,443,TRUE,Frankfurt,184,0
34.154.91.254,443,TRUE,Frankfurt,184,0
34.154.136.212,443,TRUE,Frankfurt,185,0
34.154.114.65,443,TRUE,Frankfurt,185,0
34.154.192.70,443,TRUE,Frankfurt,185,0
34.154.88.6,443,TRUE,Singapore,185,0
34.154.106.62,443,TRUE,Singapore,185,0
34.154.193.94,443,TRUE,Singapore,188,0
34.154.153.197,443,TRUE,Frankfurt,193,0
34.154.104.145,443,TRUE,Paris,193,0
34.154.179.41,443,TRUE,Frankfurt,198,0
34.122.129.224,443,TRUE,Chicago,205,0
34.72.23.190,8080,FALSE,Chicago,205,0
34.72.23.190,8080,FALSE,Chicago,206,0
34.72.23.190,8080,FALSE,Chicago,206,0
34.69.253.52,80,FALSE,Chicago,207,0
34.69.253.52,80,FALSE,Chicago,207,0
34.154.81.154,443,TRUE,Frankfurt,210,0
34.154.56.153,443,TRUE,Frankfurt,210,0
34.105.3.218,443,TRUE,Seattle,211,0
35.245.209.167,443,TRUE,Ashburn,211,0
34.74.105.17,80,FALSE,Atlanta,219,0
35.232.39.116,80,FALSE,Dallas,222,0
35.243.254.173,80,FALSE,Atlanta,224,0
34.142.51.100,443,TRUE,London,239,0
